{
    "AOIs": {
        "Changi Naval Base": {
            "coords": [
                1.3055486996437748,
                104.03780777063871,
                1.3227961297884692,
                104.01596386163236
            ],
            "zoom": 15
        },
        "Tuas Naval Base": {
            "coords": [
                1.2958288757897893,
                103.65658627054005,
                1.289691448955441,
                103.66230568857144
            ],
            "zoom": 15
        },
        "Sembawang Wharves": {
            "coords": [
                1.460062821403489,
                103.8152523236119,
                1.4716461721830982,
                103.84121610566217
            ],
            "zoom": 15
        },
        "Pasir Panjang": {
            "coords": [
                1.2542757521222223,
                103.79147030871205,
                1.2969244195180203,
                103.74928331219276
            ]
        },
        "Brani": {
            "coords":[
                1.2531107781153679,
                103.84379449322542,
                1.2652736677239536,
                103.82528280231256
            ]
        }
    }
}