{
    "AOIs": {
        "Pasir Panjang": {
            "coords": [
                1.2542757521222223,
                103.79147030871205,
                1.2969244195180203,
                103.74928331219276
            ]
        },
        "Brani": {
            "coords":[
                1.2531107781153679,
                103.84379449322542,
                1.2652736677239536,
                103.82528280231256
            ]
        }
    }
}